River_name,Site_code_LR,Site_name,Y_Latitude,X_Longitude,Strahler
Danube,AT13,"Jochenstein, AT_JDS07",48.55672,13.62403,8
Danube,AT14,"Jochenstein, AT_JDS07",48.55445,13.62936,8
Danube,AT15,"Jochenstein, AT_JDS07",48.543863,13.658484,8
Danube,AT16,"Jochenstein, AT_JDS07",48.558563,13.620999,8
Danube,AT165,"Wildungsmauer - Hainburg, AT_J",48.143127,16.903211,8
Danube,AT166,"Wildungsmauer - Hainburg, AT_J",48.148588,16.929093,8
Danube,AT167,"Wildungsmauer - Hainburg, AT_J",48.122468,16.826185,8
Danube,AT168,"Wildungsmauer - Hainburg, AT_J",48.127479,16.86984,8
Danube,AT169,"Wildungsmauer - Hainburg, AT_J",48.148145,16.912539,8
Danube,AT17,"Jochenstein, AT_JDS07",48.560506,13.619328,8
Danube,AT170,"Wildungsmauer - Hainburg, AT_J",48.14518,16.901472,8
Danube,AT171,"Wildungsmauer - Hainburg, AT_J",48.147537,16.90855,8
Danube,AT172,"Wildungsmauer - Hainburg, AT_J",48.14609,16.903589,8
Danube,AT173,"Wildungsmauer - Hainburg, AT_J",48.127495,16.857745,8
Danube,AT174,"Wildungsmauer - Hainburg, AT_J",48.143564,16.903966,8
Danube,AT175,"Wildungsmauer - Hainburg, AT_J",48.131437,16.878182,8
Danube,AT18,"Jochenstein, AT_JDS07",48.566952,13.606431,8
Danube,AT185,"Wildungsmauer - Hainburg, AT_J",48.131015,16.879242,8
Danube,AT186,"Wildungsmauer - Hainburg, AT_J",48.134061,16.885536,8
Danube,AT187,"Wildungsmauer - Hainburg, AT_J",48.156123,16.946453,8
Danube,AT188,"Wildungsmauer - Hainburg, AT_J",48.157597,16.947114,8
Danube,AT189,"Wildungsmauer - Hainburg, AT_J",48.164272,16.951402,8
Danube,AT19,"Jochenstein, AT_JDS07",48.56546,13.6095,8
Danube,AT190,"Wildungsmauer - Hainburg, AT_J",48.147077,16.919962,8
Danube,AT191,"Wildungsmauer - Hainburg, AT_J",48.149484,16.932017,8
Danube,AT192,"Wildungsmauer - Hainburg, AT_J",48.155799,16.947046,8
Danube,AT193,"Wildungsmauer - Hainburg, AT_J",48.161002,16.947915,8
Danube,AT194,"Wildungsmauer - Hainburg, AT_J",48.125206,16.854638,8
Danube,AT195,"Wildungsmauer - Hainburg, AT_J",48.133628,16.881757,8
Danube,AT196,"Wildungsmauer - Hainburg, AT_J",48.150951,16.938392,8
Danube,AT197,"Jochenstein, AT_JDS07",48.55357,13.62523,8
Danube,AT198,"Jochenstein, AT_JDS07",48.55235,13.63104,8
Danube,AT199,"Jochenstein, AT_JDS07",48.55172,13.63743,8
Danube,AT20,"Jochenstein, AT_JDS07",48.52864,13.68702,8
Danube,AT200,"Jochenstein, AT_JDS07",48.55007,13.64437,8
Danube,AT201,"Jochenstein, AT_JDS07",48.54527,13.65484,8
Danube,AT202,"Jochenstein, AT_JDS07",48.54259,13.65603,8
Danube,AT203,"Jochenstein, AT_JDS07",48.56265,13.58531,8
Danube,AT204,"Jochenstein, AT_JDS07",48.56519,13.58841,8
Danube,AT205,"Jochenstein, AT_JDS07",48.56746,13.59338,8
Danube,AT206,"Jochenstein, AT_JDS07",48.56766,13.59725,8
Danube,AT207,"Jochenstein, AT_JDS07",48.56641,13.60309,8
Danube,AT208,"Jochenstein, AT_JDS07",48.56175,13.61044,8
Danube,AT209,"Jochenstein, AT_JDS07",48.56308,13.60885,8
Danube,AT21,"Jochenstein, AT_JDS07",48.52677,13.69271,8
Danube,AT210,"Jochenstein, AT_JDS07",48.54111,13.65668,8
Danube,AT211,"Jochenstein, AT_JDS07",48.53702,13.65849,8
Danube,AT212,"Jochenstein, AT_JDS07",48.5345,13.66221,8
Danube,AT213,"Jochenstein, AT_JDS07",48.52759,13.68049,8
Danube,AT214,"Jochenstein, AT_JDS07",48.52542,13.68779,8
Danube,AT215,"Jochenstein, AT_JDS07",48.53627,13.65886,8
Danube,AT216,"Jochenstein, AT_JDS07",48.53809,13.65762,8
Danube,AT217,"Jochenstein, AT_JDS07",48.54418,13.65531,8
Danube,AT22,"Jochenstein, AT_JDS07",48.522482,13.70176,8
Danube,AT23,"Jochenstein, AT_JDS07",48.55816,13.62207,8
Danube,AT237,"Enghagen, AT_JDS08",48.23602,14.45757,8
Danube,AT238,"Enghagen, AT_JDS08",48.23427,14.4569,8
Danube,AT239,"Enghagen, AT_JDS08",48.23868,14.48141,8
Danube,AT24,"Jochenstein, AT_JDS07",48.56168,13.61708,8
Danube,AT240,"Enghagen, AT_JDS08",48.2424,14.49041,8
Danube,AT241,"Enghagen, AT_JDS08",48.24192,14.50508,8
Danube,AT242,"Enghagen, AT_JDS08",48.23719,14.45392,8
Danube,AT25,"Enghagen, AT_JDS08",48.23727,14.46669,8
Danube,AT26,"Enghagen, AT_JDS08",48.23614,14.47327,8
Danube,AT261,"Enghagen, AT_JDS08",48.23631,14.45649,8
Danube,AT262,"Enghagen, AT_JDS08",48.24036,14.44978,8
Danube,AT263,"Enghagen, AT_JDS08",48.23957,14.44772,8
Danube,AT264,"Enghagen, AT_JDS08",48.23965,14.44764,8
Danube,AT265,"Enghagen, AT_JDS08",48.23634,14.45166,8
Danube,AT266,"Enghagen, AT_JDS08",48.23607,14.4576,8
Danube,AT267,"Enghagen, AT_JDS08",48.23614,14.46231,8
Danube,AT268,"Enghagen, AT_JDS08",48.23526,14.46556,8
Danube,AT269,"Enghagen, AT_JDS08",48.23832,14.47279,8
Danube,AT27,"Oberloiben, AT_JDS10",48.40479,15.50733,8
Danube,AT270,"Enghagen, AT_JDS08",48.24003,14.4798,8
Danube,AT271,"Enghagen, AT_JDS08",48.24235,14.51096,8
Danube,AT272,"Enghagen, AT_JDS08",48.23902,14.52176,8
Danube,AT273,"Enghagen, AT_JDS08",48.2363,14.52819,8
Danube,AT274,"Enghagen, AT_JDS08",48.23697,14.54285,8
Danube,AT275,"Enghagen, AT_JDS08",48.23539,14.53794,8
Danube,AT276,"Enghagen, AT_JDS08",48.235317,14.452768,8
Danube,AT277,"Enghagen, AT_JDS08",48.239193,14.483568,8
Danube,AT278,"Enghagen, AT_JDS08",48.239178,14.484887,8
Danube,AT279,"Enghagen, AT_JDS08",48.239585,14.485985,8
Danube,AT28,"Oberloiben, AT_JDS10",48.40037,15.51337,8
Danube,AT280,"Enghagen, AT_JDS08",48.240273,14.48778,8
Danube,AT281,"Enghagen, AT_JDS08",48.241144,14.499061,8
Danube,AT282,"Enghagen, AT_JDS08",48.242057,14.493604,8
Danube,AT283,"Ybbs, AT_JDS09",48.19972,14.97643,8
Danube,AT284,"Ybbs, AT_JDS09",48.19971,14.97637,8
Danube,AT285,"Ybbs, AT_JDS09",48.19821,14.98106,8
Danube,AT286,"Ybbs, AT_JDS09",48.19759,14.98592,8
Danube,AT289,"Ybbs, AT_JDS09",48.19644,14.99872,8
Danube,AT29,"Oberloiben, AT_JDS10",48.39851,15.51806,8
Danube,AT290,"Ybbs, AT_JDS09",48.19539,15.00464,8
Danube,AT291,"Ybbs, AT_JDS09",48.19469,15.00986,8
Danube,AT292,"Ybbs, AT_JDS09",48.19443,15.01499,8
Danube,AT293,"Ybbs, AT_JDS09",48.19446,15.01994,8
Danube,AT295,"Ybbs, AT_JDS09",48.19592,15.03117,8
Danube,AT296,"Ybbs, AT_JDS09",48.19645,15.034,8
Danube,AT297,"Ybbs, AT_JDS09",48.19701,15.03643,8
Danube,AT298,"Ybbs, AT_JDS09",48.19701,15.03643,8
Danube,AT299,"Ybbs, AT_JDS09",48.19701,15.03643,8
Danube,AT30,"Oberloiben, AT_JDS10",48.39515,15.51846,8
Danube,AT300,"Ybbs, AT_JDS09",48.19451,15.01339,8
Danube,AT301,"Ybbs, AT_JDS09",48.19445,15.0199,8
Danube,AT302,"Ybbs, AT_JDS09",48.19628,15.03348,8
Danube,AT303,"Ybbs, AT_JDS09",48.19671,15.03528,8
Danube,AT31,"Oberloiben, AT_JDS10",48.38522,15.5299,8
Danube,AT32,"Oberloiben, AT_JDS10",48.3829,15.5361,8
Danube,AT323,"Oberloiben, AT_JDS10",48.3984,15.51437,8
Danube,AT324,"Oberloiben, AT_JDS10",48.4029,15.5154,8
Danube,AT325,"Oberloiben, AT_JDS10",48.39871,15.51457,8
Danube,AT326,"Oberloiben, AT_JDS10",48.39467,15.51845,8
Danube,AT327,"Oberloiben, AT_JDS10",48.38723,15.52472,8
Danube,AT328,"Oberloiben, AT_JDS10",48.38653,15.52095,8
Danube,AT329,"Oberloiben, AT_JDS10",48.3827,15.52844,8
Danube,AT33,"Wildungsmauer - Hainburg, AT_J",48.14548,16.9106,8
Danube,AT330,"Oberloiben, AT_JDS10",48.3827,15.53459,8
Danube,AT331,"Oberloiben, AT_JDS10",48.38352,15.53459,8
Danube,AT332,"Oberloiben, AT_JDS10",48.38447,15.54578,8
Danube,AT333,"Oberloiben, AT_JDS10",48.38652,15.54332,8
Danube,AT334,"Oberloiben, AT_JDS10",48.38936,15.55002,8
Danube,AT335,"Oberloiben, AT_JDS10",48.384879,15.537488,8
Danube,AT336,"Oberloiben, AT_JDS10",48.38393,15.52652,8
Danube,AT337,"Oberloiben, AT_JDS10",48.38829,15.51883,8
Danube,AT338,"Oberloiben, AT_JDS10",48.39913,15.51776,8
Danube,AT339,"Oberloiben, AT_JDS10",48.39044,15.51758,8
Danube,AT34,"Wildungsmauer - Hainburg, AT_J",48.14809,16.90953,8
Danube,AT340,"Oberloiben, AT_JDS10",48.38692,15.52556,8
Danube,AT341,"Oberloiben, AT_JDS10",48.38522,15.53489,8
Danube,AT342,"Oberloiben, AT_JDS10",48.38631,15.54241,8
Danube,AT343,"Oberloiben, AT_JDS10",48.38447,15.52524,8
Danube,AT344,"Oberloiben, AT_JDS10",48.40003,15.51384,8
Danube,AT35,"Wildungsmauer - Hainburg, AT_J",48.13418,16.88241,8
Danube,AT357,"Oberloiben, AT_JDS10",48.39706,15.512844,8
Danube,AT358,"Oberloiben, AT_JDS10",48.397107,15.514052,8
Danube,AT359,"Oberloiben, AT_JDS10",48.397361,15.514277,8
Danube,AT364,"Oberloiben, AT_JDS10",48.38475,15.525139,8
Danube,AT365,"Oberloiben, AT_JDS10",48.384424,15.523361,8
Danube,AT366,"Oberloiben, AT_JDS10",48.383955,15.524558,8
Danube,AT367,"Oberloiben, AT_JDS10",48.383489,15.52541,8
Danube,AT368,"Oberloiben, AT_JDS10",48.383018,15.52678,8
Danube,AT37,"Wildungsmauer - Hainburg, AT_J",48.13172,16.88335,8
Danube,ATDONA163,Fliesstrecke Huegelland Klosterneuburg,48.31395,16.33806,8
Danube,ATDONA165,Gschirrwasser Klosterneuburg 4,48.32594,16.31625,8
Danube,ATDONA168,Klosterneuburger Durchstich 12,48.34088,16.29625,8
Danube,BG373,"Chiciu/Silistra, BG_JDS86",44.11301,27.2201,9
Danube,BG374,"Chiciu/Silistra, BG_JDS86",44.11297,27.21823,9
Danube,BG375,"Chiciu/Silistra, BG_JDS86",44.11265,27.23449,9
Danube,BG376,"Chiciu/Silistra, BG_JDS86",44.11411,27.2438,9
Danube,BG607,"Downstream Kozloduy, BG_JDS69",43.74385,23.9109,9
Danube,BG608,"Downstream Kozloduy, BG_JDS69",43.7455,23.90363,9
Danube,BG609,"Downstream Kozloduy, BG_JDS69",43.74406,23.91131,9
Danube,BG610,"Downstream Kozloduy, BG_JDS69",43.74368,23.91656,9
Danube,BG611,"Downstream Kozloduy, BG_JDS69",43.74265,23.92367,9
Danube,BG612,"Downstream Iskar, BG_JDS72",43.75218,24.55374,9
Danube,BG613,"Downstream Iskar, BG_JDS72",43.75293,24.54878,9
Danube,BG614,"Downstream Iskar, BG_JDS72",43.75304,24.54895,9
Danube,BG615,"Downstream Iskar, BG_JDS72",43.75397,24.53715,9
Danube,BG616,"Downstream Iskar, BG_JDS72",43.7608,24.54893,9
Danube,BG617,"Downstream Iskar, BG_JDS72",43.75209,24.55533,9
Danube,DE1,"Niederalteich, DE_JDS05",48.76867,13.01482,7
Danube,DE10,"Niederalteich, DE_JDS05",48.74867,13.036978,7
Danube,DE101,"Kelheim, DE_JDS02",48.905238,11.849801,6
Danube,DE102,"Kelheim, DE_JDS02",48.903862,11.843595,6
Danube,DE103,"Kelheim, DE_JDS02",48.894222,11.820411,6
Danube,DE104,"Kelheim, DE_JDS02",48.90458,11.847783,6
Danube,DE105,"Kelheim, DE_JDS02",48.890807,11.819838,6
Danube,DE106,"Kelheim, DE_JDS02",48.901697,11.840838,6
Danube,DE107,"Kelheim, DE_JDS02",48.904368,11.844811,6
Danube,DE108,"Kelheim, DE_JDS02",48.906472,11.849632,6
Danube,DE109,"Kelheim, DE_JDS02",48.901191,11.839421,6
Danube,DE11,"Niederalteich, DE_JDS05",48.76552,13.01817,7
Danube,DE110,"Kelheim, DE_JDS02",48.905855,11.848585,6
Danube,DE12,"Niederalteich, DE_JDS05",48.766747,13.017559,7
Danube,DE2,"Niederalteich, DE_JDS05",48.76587,13.0172,7
Danube,DE3,"Niederalteich, DE_JDS05",48.749204,13.036489,7
Danube,DE4,"Niederalteich, DE_JDS05",48.745932,13.038063,7
Danube,DE5,"Niederalteich, DE_JDS05",48.76853,13.01351,7
Danube,DE6,"Niederalteich, DE_JDS05",48.77011,13.01051,7
Danube,DE7,"Niederalteich, DE_JDS05",48.770738,13.012442,7
Danube,DE8,"Niederalteich, DE_JDS05",48.76816,13.015937,7
Danube,DE9,"Niederalteich, DE_JDS05",48.751184,13.034999,7
Aller,DELR0001N,Hornbostel,52.6899,9.85661,5
Saale,DELR0002N,Alte Saale am Saalehorn,51.948397,11.922988,6
Havel,DELR01,Buhnenhaus,52.38778784,12.4903466,6
Havel,DELR02,Klingenbergsiedlung,52.40551999,12.5395625,6
Elbe,DELR0270N,"Prossen, Hafen",50.927716,14.117541,7
Elbe,DELR0285N,"Meißen, Hafen",51.172705,13.473447,7
Elbe,DELR0296N,Gallin,51.836572,12.754955,7
Elbe,DELR0297N,Alte-Elbe-Gallin,51.831811,12.752186,7
Havel,DELR03,Luisenhof,52.42158674,12.5852386,6
Elbe,DELR0305N,Wahrenberg,52.984897,11.684444,7
Elbe,DELR0310N,Gorleben/Stromelbe,53.054494,11.346063,7
Elbe,DELR0312N,Gorleben (Altgewässer),53.050491,11.348783,7
Elbe,DELR0317N,Barförde,53.370458,10.631669,7
Elbe,DELR0320N,Grünendeich (Mündung Altgewässer),53.559958,9.665588,7
Elbe,DELR0321N,Schmilka,50.892913,14.227244,7
Elbe,DELR0329N,Merschwitz,51.266061,13.403658,7
Elbe,DELR0367N,"Lachsbachmündung, Prossen",50.923713,14.129888,7
Elbe,DELR0378N,"Hafen Meißen, Ende",51.170988,13.475188,7
Elbe,DELR0379N,"Alt Hirschstein, Elblaache",51.262758,13.401911,7
Elbe,DELR0386N,Sachau/Priesitz,51.700225,12.844663,7
Elbe,DELR0387N,Bleddin,51.784688,12.802705,7
Elbe,DELR0388N,Elstermündung,51.816366,12.832516,7
Elbe,DELR0390H,"Wittenberg,Hafen",51.86340278,12.6213278,7
Elbe,DELR0390N,Wittenberg,51.858875,12.6332944,7
Elbe,DELR0391N,Coswig uh,51.12868,13.532355,7
Elbe,DELR0392N,Vockerode,51.848872,12.359291,7
Elbe,DELR0394N,Muldemündung,51.869436,12.231266,7
Elbe,DELR0396N,Dornburger Elbe,52.026713,11.870108,7
Elbe,DELR0397N,Alte Elbe Magdeburg,52.117605,11.654466,7
Elbe,DELR0399N,Abstiegskanal,52.198136,11.686069,7
Elbe,DELR0403N,Derben,52.422261,11.992019,7
Havel,DELR0404N,Havelberg - Mühlenholz,52.826922,12.072594,6
Elbe,DELR0405N,Wehrgruppe Quitzöbel,52.878888,12.005875,7
Elbe,DELR0407N,Hakenbuhne uh. Wittenberge,52.982138,11.717177,7
Elbe,DELR0437N,Kurzer Wurf Matzwerder,51.883119,12.32885,7
Elbe,DELR0439N,Saalemündung,51.954527,11.914133,7
Elbe,DELR0440N,Fähre Barby,51.959925,11.907697,7
Elbe,DELR0463N,"Meißen, Hafen+Stromelbe",51.17338,13.471711,7
Elbe,DELR0477N,Coswig oh,51.098108,13.598961,7
Elbe,DELR0495N,Gorleben01,53.055791,11.334772,7
Elbe,DELR0496N,Gorleben02,53.054708,11.355958,7
Elbe,DELR0499N,"Pevestorf, oh. Fähre",53.07335,11.466127,7
Elbe,DELR0543N,Verbindungskanal Quitzöbel,52.877111,12.008508,7
Elbe,DELR0545N,Schöneberger Haken,51.887136,12.016488,7
Elbe,DELR0553N,"Prossen, uh. Hafen",50.929677,14.109122,7
Elbe,DELR0586N,Schönberg,52.909697,11.865816,7
Elbe,DELR0617N,Dömitz/Kaltenhof,53.13841667,11.2317778,7
Elbe,DELR0636N,Jahnamündung,51.306525,13.309958,7
Elbe,DELR0638N,Strehla,51.354141,13.236911,7
Elbe,DELR0645N,"Belgern, Hafen",51.476986,13.137111,7
Elbe,DELR0648N,Mehderitzsch,51.508775,13.064925,7
Elbe,DELR0653N,"Dömitz, Dove Elbe",53.140072,11.259944,7
Elbe,DELR0658N,Dömitz-Hafen,53.1426,11.260677,7
Elbe,DELR0659N,Dömitz,53.13413,11.24884,7
Elbe,DELR0660N,Zollelbe,52.130555,11.649722,7
Elbe,DELR0665N,Alte Elbe Herrenkrug,52.1475,11.6674944,7
Elbe,DELR0675N,Stromelbe Magdeburg,52.1225,11.637222,7
Ems,DELR0713N,Ems05,52.202297,7.544333,4
Ems,DELR0714N,Ems06,52.008381,7.745721,4
Ems,DELR0716N,Ems04,52.018787,7.728208,4
Ems,DELR0721N,Ems07,51.974629,7.91123,3
Ems,DELR0723N,Ems08,51.973486,7.8688,3
Ems,DELR0724N,Ems02,51.958775,7.982823,3
Ems,DELR0725N,Ems01,51.954157,8.035341,3
Ems,DELR0728N,Ems03,51.831158,8.310691,2
Ems,DELR0731N,Hummeldorf,52.32672,7.36819,4
Ems,DELR0732N,Schepsdorf,52.53653,7.26642,4
Havel,DELR0733N,Toppel,52.846816,12.054063,6
Havel,DELR0742N,Altarm bei Toppel/Nitzow,52.860952,12.047533,6
Havel,DELR0764N,Vehlgast Kümmernitz,52.797777,12.203055,6
Havel,DELR0773N,Pichelsdorfer Havel Tiefwerder,52.522777,13.205277,6
Havel,DELR0774N,Havel km 105,52.617222,12.316666,6
Havel,DELR0775N,Hellers Loch,52.603055,12.326666,6
Havel,DELR0776N,Havelarm unth Stadtschleuse,52.666388,12.251388,6
Havel,DELR0778N,Vorderarche ab Vielmann-Gebäude stromab,52.603888,12.321388,6
Havel,DELR0787N,Gülper Havel,52.725277,12.218055,6
Havel,DELR0788N,Schiffbare Havel bei km 127,52.725,12.2075,6
Havel,DELR11,Schumachersiedlung,52.47517429,12.8170861,6
Rhein,DELR1222N,Rhein15,49.589991,8.41763,8
Rhein,DELR1223N,Rhein16,49.610547,8.405525,8
Rhein,DELR1225N,Rhein17,49.671841,8.376336,8
Rhein,DELR1229N,Rhein18,49.752305,8.469916,8
Rhein,DELR1230N,Rhein19,49.754702,8.47855,8
Rhein,DELR1233N,Rhein20,49.838747,8.447138,8
Rhein,DELR1234N,Rhein21,49.837661,8.445002,8
Rhein,DELR1235N,Rhein32,49.812133,8.404725,8
Rhein,DELR1236N,Rhein23,49.819922,8.385158,8
Rhein,DELR1237N,Rhein14,49.847627,8.393386,8
Rhein,DELR1239N,Rhein25,49.85663,8.387369,8
Rhein,DELR1240N,Rhein26,49.870244,8.351533,8
Rhein,DELR1241N,Rhein27,49.920741,8.35693,8
Rhein,DELR1242N,Rhein28,49.938016,8.347227,8
Rhein,DELR1245N,Rhein09,49.986244,8.314786,8
Rhein,DELR1247N,Rhein30,50.019647,8.265613,8
Rhein,DELR1251N,Rhein03,50.041752,8.199927,8
Rhein,DELR1255N,Rhein04,50.035775,7.816261,8
Rhein,DELR1267N,Rhein05,49.818016,8.38868,8
Rhein,DELR1268N,Rhein02,49.609977,8.412236,8
Rhein,DELR1272N,Rhein06,49.86528,8.362219,8
Rhein,DELR1274N,Rhein07,49.596655,8.450113,8
Rhein,DELR1278N,Rhein22,49.845636,8.392319,8
Rhein,DELR1279N,Rhein13,49.84853,8.394161,8
Rhein,DELR1282N,Rhein08,49.828955,8.475108,8
Rhein,DELR1289N,Rhein01,49.61008,8.410411,8
Rhein,DELR1291N,Rhein31,49.61423,8.435652,8
Rhein,DELR1294N,Rhein24,49.9208,8.357838,8
Rhein,DELR1296N,Rhein10,49.662797,8.368833,8
Rhein,DELR1297N,Rhein36,49.672561,8.361294,8
Havel,DELR13,Potsdam Stadt,52.39082123,13.059371,6
Rhein,DELR1334N,Rhein11,49.834575,8.434955,8
Rhein,DELR1338N,Rhein29,49.77415,8.418358,8
Rhein,DELR1339N,Rhein60,50.0318,8.157211,8
Rhein,DELR1342N,Rhein59,49.894686,8.34638,8
Rhein,DELR1343N,Rhein57,49.985694,8.315569,8
Rhein,DELR1347N,Rhein61,50.04113,8.190952,8
Rhein,DELR1353N,Rhein63,49.8179,8.389197,8
Rhein,DELR1354N,Rhein56,49.838133,8.456605,8
Rhein,DELR1356N,Rhein64,51.849341,6.091703,8
Rhein,DELR1358N,Rhein65,51.81035,6.294893,8
Rhein,DELR1359N,Rhein66,51.804214,6.307843,8
Rhein,DELR1360N,Rhein67,51.812694,6.288296,8
Rhein,DELR1363N,Rhein68,51.751981,6.417209,8
Rhein,DELR1366N,Rhein58,51.634042,6.601173,8
Rhein,DELR1370N,Rhein43,51.575156,6.639602,8
Rhein,DELR1372N,Rhein34,51.542907,6.677853,8
Rhein,DELR1373N,Rhein45,51.524227,6.701047,8
Rhein,DELR1374N,Rhein35,51.517876,6.711005,8
Rhein,DELR1376N,Rhein62,51.563773,6.689354,8
Rhein,DELR1377N,Rhein37,51.432993,6.711943,8
Rhein,DELR1378N,Rhein38,51.459112,6.725242,8
Rhein,DELR1380N,Rhein39,51.467003,6.721007,8
Rhein,DELR1385N,Rhein40,51.458157,6.728579,8
Rhein,DELR1386N,Rhein41,51.47324,6.692982,8
Rhein,DELR1387N,Rhein42,51.304152,6.733564,8
Rhein,DELR1388N,Rhein55,51.371652,6.699028,8
Rhein,DELR1392N,Rhein44,51.292198,6.720456,8
Rhein,DELR1393N,Rhein33,51.305669,6.721026,8
Rhein,DELR1396N,Rhein46,51.186662,6.734828,8
Rhein,DELR1401N,Rhein47,51.075788,6.860506,8
Rhein,DELR1402N,Rhein48,51.060032,6.910125,8
Rhein,DELR1403N,Rhein49,51.05348,6.923688,8
Rhein,DELR1404N,Rhein50,51.066601,6.909226,8
Rhein,DELR1405N,Rhein51,50.952527,6.97518,8
Rhein,DELR1410N,Rhein52,50.803134,7.031376,8
Rhein,DELR1412N,Rhein12,50.763356,7.086644,8
Rhein,DELR1414N,Rhein54,50.6638,7.198784,8
Rhein,DELR1415N,Rhein53,50.653868,7.210777,8
Saale,DELR1474N,"Bernburg, OT Dröbel",51.79995,11.771677,6
Saale,DELR1479N,"Calbe, Schleusenkanal",51.901661,11.789125,6
Saale,DELR1482N,"Groß Rosenburg, uh. Fähre",51.915947,11.876702,6
Saale,DELR1485N,"Klein Rosenburg, uh. Messstation",51.933297,11.891466,6
Havel,DELR15,Große Steinlanke,52.45093593,13.1888474,
Spree,DELR1504N,Altarm-Ende,52.533611,13.228055,6
Spree,DELR1505N,Altarm unterhalb Schleuse,52.533888,13.219722,6
Spree,DELR1506B,ELMO Block,52.52889167,13.2724278,6
Spree,DELR1506N,Ausgleichsmaßnahme ELMO-Hafen,52.528611,13.248333,6
Spree,DELR1507N,gegenüber Einmündung Britzer Zweigkanal,52.470277,13.499166,6
Spree,DELR1508N,"Kratzbruch, Liebesinsel",52.490277,13.484444,6
Spree,DELR1509N,"Auslauf Müggelsee, Naturufer",52.444444,13.623055,6
Spree,DELR1510N,Stichkanal Rudolf-Wissell-Brücke,52.529722,13.283055,6
Weser,DELR1511N,Drakenburg,52.68889,9.21073,6
Havel,DELR16,Milow Ausbau,52.5146786,12.3521761,6
Havel,DELR17,Steckelsdorf Ausbau,52.59702406,12.3146623,6
Havel,DELR18,Voigtsbrügge,52.81253182,12.1315619,6
Havel,DELR19,Wehrwärterhaus,52.88117166,12.0101743,6
Havel,DELR20,Ziemanns Ziegelei,52.72373652,12.2068317,6
Havel,DELR30,Altarme Gülpe,52.71655,12.2133667,6
Havel,DELR4,Klein Kreutz,52.42818044,12.6277695,6
Havel,DELR6,Klein Wentorf,52.34382542,12.9806136,6
Havel,DELR8,Saaringen,52.44203692,12.6799533,6
Elbe,DELR8888A,Arneburg Kraftwerkskanal,52.72396389,12.0317167,7
Elbe,DELR8889A,Arneburg,52.7283,12.04153,7
Elbe,DELR9995H,"Gorleben, Altarm",53.05840833,11.3283306,7
Elbe,DELR9996H,"Klietznick,Alte Elbe",52.50870833,11.9772944,7
Elbe,DELR9997H,"Klietznick,Nebenarm",52.46360833,11.9950528,7
Elbe,DELR9998H,"Tangemünde, Hafen",52.53956389,11.9743639,7
Elbe,DELR9999H,Klietznick,52.46315278,12.0016306,7
Oder,DELRRW1,Reitwein,52.50413333,14.6246167,7
Oder,DELRRW2,Reitwein Backwater,52.50223333,14.6278667,7
Oder,DELRRW3,Reitwein Backwater II,52.52059,14.60262,7
Oder,DELRT001,Lunower Dammhaus,52.89724427,14.1532804,8
Oder,DELRT002,Christiansaue,52.81109068,14.2227158,8
Oder,DELRT003,Lower Oder Valley,53.017777,14.286111,8
Oder,DELRT004,Brieskow,52.27141899,14.6001061,7
Oder,DELRT005,Groß Neuendorf,52.70659171,14.4071577,8
Oder,DELRT006,Neubleyen,52.59136177,14.6097335,7
Oder,DELRT007,Reitweiner Loose,52.48115796,14.6204954,7
Oder,DELRT008,Ragoser Mühle,52.38037319,14.5467994,7
Oder,DELRT009,SQF,53.073888,14.335555,
Elbe,DELRT010,Belgern,51.484744,13.131702,7
Elbe,DELRT011,"Meißen, Stromelbe",51.171538,13.473013,7
Elbe,DELRT012,"Prossen, Stromelbe",50.926197,14.116777,7
Spree,DELRT013,Mönchwinkel,52.388888,13.8925,5
Spree,DELRT013A,Mönchwinkel Altarm 1,52.37828913,13.8851369,5
Spree,DELRT013B,Stumpf Mönchwinkel,52.38235556,13.8820306,5
Spree,DELRT013C,Mönchwinkel Altarm 2,52.37418734,13.8799979,5
Spree,DELRT013D,Spree Neu Mönchwinkel,52.3785118,13.8801676,5
Spree,DELRT013E,Spreewerder,52.37003026,13.8645447,5
Spree,DELRT013F,Altarm Sieverslake,52.36193333,13.8140056,5
Spree,DELRT013G,Spree Stäbchen,52.36483095,13.8073134,5
Spree,DELRT013H,Altarm Freienbrink,52.36884722,13.8086917,5
Spree,DELRT013I,Durchstich Freienbrink,52.36768271,13.8049168,5
Spree,DELRT013J,Hauptstrom Freienbrink,52.36858056,13.7999667,5
Spree,DELRT013K,Altarm Stumpf,52.36859444,13.7982639,5
Spree,DELRT013L,Neuseeland,52.40543889,13.7416778,5
Spree,DELRT013M,Hammergraben Siedlung,51.78673611,14.3665333,5
Spree,DELRT014,Kossenblatt,52.111944,14.066666,5
Spree,DELRT015,Radinkendorf,52.210833,14.271944,5
Elbe,DELRT016,"Buhne 1 (418,2)",52.80555,12.026508,7
Elbe,DELRT017,"Buhne 11 (452,4)",52.974041,11.770833,7
Elbe,DELRT018,Aland,53.03695,11.568552,7
Elbe,DELRT019,"Buhne 10 (350,3) Rogätz",52.311205,11.76923,7
Elbe,DELRT019OM,Ohremündung,52.31098056,11.7643361,7
Elbe,DELRT020N,Leitwerke,52.20798,11.715841,7
Elbe,DELRT021,Seegemündung,53.063408,11.384041,7
Elbe,DELRT022,Stepenitz,52.988169,11.75878,7
Oder,DELRT023,Vogelsang,52.19508774,14.6848655,7
Danube,HR544,"Batina, HR_JDS40",45.86932,18.82892,8
Danube,HR545,"Batina, HR_JDS40",45.86679,18.83322,8
Danube,HR546,"Batina, HR_JDS40",45.86351,18.84421,8
Danube,HR547,"Batina, HR_JDS40",45.8526,18.85493,8
Danube,HR548,"Batina, HR_JDS40",45.85191,18.85449,8
Danube,HR549,"Batina, HR_JDS40",45.85191,18.85412,8
Danube,HR550,"Batina, HR_JDS40",45.83636,18.85318,8
Danube,HR551,"Batina, HR_JDS40",45.83012,18.85136,8
Danube,HR552,"Batina, HR_JDS40",45.8571,18.85439,8
Danube,HR553,"Batina, HR_JDS40",45.83394,18.85254,8
Danube,HR573,"Aljmas, HR_JDS41",45.54228,18.92866,9
Danube,HR574,"Aljmas, HR_JDS41",45.53585,18.93853,9
Danube,HR575,"Aljmas, HR_JDS41",45.53215,18.94645,9
Danube,HR576,"Aljmas, HR_JDS41",45.54801,18.92487,9
Danube,HR577,"Aljmas, HR_JDS41",45.54332,18.9267,9
Danube,HR578,"Aljmas, HR_JDS41",45.53169,18.96273,9
Danube,HR579,"Aljmas, HR_JDS41",45.53825,18.93533,9
Danube,HR580,"Aljmas, HR_JDS41",45.53183,18.95132,9
Danube,HR581,"Aljmas, HR_JDS41",45.54287,18.92755,9
Danube,HR582,"Aljmas, HR_JDS41",45.54057,18.93162,9
Danube,HR583,"Aljmas, HR_JDS41",45.54337,18.92639,9
Danube,HR584,"Aljmas, HR_JDS41",45.54258,18.92802,9
Danube,HR585,"Aljmas, HR_JDS41",45.53497,18.93977,9
Danube,HR586,"Ilok/Backa Palanka, HR_JDS45",45.23158,19.34059,9
Danube,HR587,"Ilok/Backa Palanka, HR_JDS45",45.22909,19.35468,9
Danube,HR588,"Ilok/Backa Palanka, HR_JDS45",45.22971,19.36263,9
Danube,HR589,"Ilok/Backa Palanka, HR_JDS45",45.23006,19.37241,9
Danube,HR590,"Ilok/Backa Palanka, HR_JDS45",45.22972,19.34994,9
Danube,HR591,"Ilok/Backa Palanka, HR_JDS45",45.23158,19.32614,9
Danube,HR592,"Ilok/Backa Palanka, HR_JDS45",45.2307,19.3339,9
Danube,HR593,"Ilok/Backa Palanka, HR_JDS45",45.22944,19.34005,9
Danube,HR594,"Ilok/Backa Palanka, HR_JDS45",45.23046,19.33629,9
Danube,HR595,"Ilok/Backa Palanka, HR_JDS45",45.22927,19.34569,9
Danube,HU100,"Mohacs, HU_JDS39a",46.02834,18.69435,8
Danube,HU111,"Szentendre i. south, side arm,",47.64149,19.08055,
Danube,HU112,"Szentendre i. south, side arm,",47.64117,19.08402,
Danube,HU113,"Szentendre i. south, side arm,",47.64117,19.08402,
Danube,HU401,"Medvedov, HU_JDS18",47.788158,17.65978,8
Danube,HU402,"Medvedov, HU_JDS18",47.785488,17.665,8
Danube,HU403,"Medvedov, HU_JDS18",47.782349,17.67108,8
Danube,HU404,"Medvedov, HU_JDS18",47.78001,17.67589,8
Danube,HU405,"Medvedov, HU_JDS18",47.776878,17.68054,8
Danube,HU406,"Medvedov, HU_JDS18",47.762199,17.70052,8
Danube,HU407,"Medvedov, HU_JDS18",47.754608,17.71405,8
Danube,HU408,"Medvedov, HU_JDS18",47.748451,17.75811,8
Danube,HU441,"Szob, HU_JDS26",47.81192,18.88678,8
Danube,HU442,"Szob, HU_JDS26",47.80822,18.89912,8
Danube,HU443,"Szob, HU_JDS26",47.803612,18.90395,8
Danube,HU444,"Szob, HU_JDS26",47.797531,18.90781,8
Danube,HU445,"Szob, HU_JDS26",47.777431,18.91272,8
Danube,HU446,"Szob, HU_JDS26",47.772202,18.91475,8
Danube,HU447,"Szob, HU_JDS26",47.784592,18.9035,8
Danube,HU448,"Szob, HU_JDS26",47.776951,18.90572,8
Danube,HU449,"Szob, HU_JDS26",47.78083,18.91135,8
Danube,HU450,"Szob, HU_JDS26",47.776402,18.91287,8
Danube,HU451,"Szentendre i. south, side arm,",47.64547,19.07962,
Danube,HU452,"Szentendre i. south, side arm,",47.640282,19.08475,
Danube,HU453,"Szentendre i. south, side arm,",47.635109,19.08797,
Danube,HU454,"Szentendre i. south, side arm,",47.630051,19.09076,
Danube,HU455,"Szentendre i. south, side arm,",47.62603,19.09289,
Danube,HU456,"Szentendre i. south, side arm,",47.645161,19.07758,
Danube,HU457,"Szentendre i. south, side arm,",47.641998,19.08004,
Danube,HU458,"Szentendre i. south, side arm,",47.63755,19.08399,
Danube,HU459,"Szentendre i. south, side arm,",47.60622,19.07844,
Danube,HU460,"Szentendre i. south, side arm,",47.604252,19.07599,
Danube,HU479,"Budapest downstream, HU_JDS32",47.392029,19.01977,8
Danube,HU480,"Budapest downstream, HU_JDS32",47.39045,19.01357,8
Danube,HU481,"Budapest downstream, HU_JDS32",47.38739,19.01394,8
Danube,HU482,"Budapest downstream, HU_JDS32",47.390228,19.00136,8
Danube,HU483,"Budapest downstream, HU_JDS32",47.385979,19.00001,8
Danube,HU484,"Budapest downstream, HU_JDS32",47.384418,18.99093,8
Danube,HU485,"Budapest downstream, HU_JDS32",47.38686,18.98396,8
Danube,HU486,"Budapest downstream, HU_JDS32",47.385262,18.97848,8
Danube,HU487,"Budapest downstream, HU_JDS32",47.390518,19.01273,8
Danube,HU488,"Budapest downstream, HU_JDS32",47.389999,19.00835,8
Danube,HU489,"Budapest downstream, HU_JDS32",47.39056,19.00368,8
Danube,HU491,"Mohacs, HU_JDS39a",46.02292,18.68689,8
Danube,HU492,"Mohacs, HU_JDS39a",46.01755,18.68423,8
Danube,HU493,"Mohacs, HU_JDS39a",46.012981,18.68441,8
Danube,HU494,"Mohacs, HU_JDS39a",46.010719,18.6849,8
Danube,HU495,"Mohacs, HU_JDS39a",46.052891,18.74628,8
Danube,HU496,"Mohacs, HU_JDS39a",46.049751,18.74223,8
Danube,HU497,"Mohacs, HU_JDS39a",46.045681,18.73782,8
Danube,HU498,"Mohacs, HU_JDS39a",46.04142,18.72858,8
Danube,HU499,"Mohacs, HU_JDS39a",46.05505,18.74248,8
Danube,HU500,"Mohacs, HU_JDS39a",46.051689,18.73802,8
Danube,HU501,"Mohacs, HU_JDS39a",46.04829,18.73371,8
Danube,HU502,"Mohacs, HU_JDS39a",46.046101,18.72953,8
Danube,HU64,"Medvedov, HU_JDS18",47.79532,17.65743,8
Danube,HU65,"Medvedov, HU_JDS18",47.79308,17.65946,8
Danube,HU66,"Medvedov, HU_JDS18",47.78924,17.66418,8
Danube,HU67,"Medvedov, HU_JDS18",47.78326,17.67474,8
Danube,HU68,"Medvedov, HU_JDS18",47.77821,17.68293,8
Danube,HU69,"Medvedov, HU_JDS18",47.76798,17.69916,8
Danube,HU70,"Medvedov, HU_JDS18",47.76798,17.69916,8
Danube,HU71,"Medvedov, HU_JDS18",47.75522,17.71087,8
Danube,HU72,"Medvedov, HU_JDS18",47.75599,17.7083,8
Danube,HU73,"Medvedov, HU_JDS18",47.75172,17.73173,8
Danube,HU74,"Medvedov, HU_JDS18",47.75103,17.73652,8
Danube,HU75,"Szob, HU_JDS26",47.80882,18.8979,8
Danube,HU76,"Szob, HU_JDS26",47.80819,18.8809,8
Danube,HU77,"Szob, HU_JDS26",47.78969,18.9023,8
Danube,HU78,"Szob, HU_JDS26",47.80075,18.90608,8
Danube,HU79,"Szob, HU_JDS26",47.80479,18.90408,8
Danube,HU80,"Szob, HU_JDS26",47.80684,18.88673,8
Danube,HU81,"Szob, HU_JDS26",47.76937,18.9097,8
Danube,HU82,"Szob, HU_JDS26",47.78072,18.91151,8
Danube,HU83,"Szob, HU_JDS26",47.7683,18.91086,8
Danube,HU84,"Budapest downstream, HU_JDS32",47.39044,19.01098,8
Danube,HU85,"Budapest downstream, HU_JDS32",47.38548,19.0055,8
Danube,HU86,"Budapest downstream, HU_JDS32",47.38522,18.99776,8
Danube,HU87,"Budapest downstream, HU_JDS32",47.3892,18.99322,8
Danube,HU88,"Budapest downstream, HU_JDS32",47.3797,18.9671,8
Danube,HU89,"Budapest downstream, HU_JDS32",47.38024,18.97526,8
Danube,HU90,"Budapest downstream, HU_JDS32",47.37578,18.96766,8
Danube,HU91,"Budapest downstream, HU_JDS32",47.37223,18.9578,8
Danube,HU92,"Budapest downstream, HU_JDS32",47.36779,18.953,8
Danube,HU93,"Mohacs, HU_JDS39a",46.05373,18.74741,8
Danube,HU94,"Mohacs, HU_JDS39a",46.06004,18.74812,8
Danube,HU95,"Mohacs, HU_JDS39a",46.05391,18.74071,8
Danube,HU96,"Mohacs, HU_JDS39a",46.02998,18.70111,8
Danube,HU97,"Mohacs, HU_JDS39a",46.03338,18.70284,8
Danube,HU978,"Old Danube (Gabcikovo region),",47.88106,17.46027,8
Danube,HU979,"Old Danube (Gabcikovo region),",47.88056,17.4631,8
Danube,HU98,"Mohacs, HU_JDS39a",46.02407,18.68822,8
Danube,HU980,"Old Danube (Gabcikovo region),",47.88001,17.46694,8
Danube,HU981,"Old Danube (Gabcikovo region),",47.87909,17.47067,8
Danube,HU985,"Mohacs, HU_JDS39a",45.92922,18.76331,8
Danube,HU986,"Mohacs, HU_JDS39a",45.92923,18.76178,8
Danube,HU987,"Mohacs, HU_JDS39a",45.92913,18.76036,8
Danube,HU988,"Mohacs, HU_JDS39a",45.93012,18.75971,8
Danube,HU989,"Mohacs, HU_JDS39a",45.93054,18.76285,8
Danube,HU99,"Mohacs, HU_JDS39a",46.02597,18.69063,8
Maas,NLr002,Grensmaas zuid02,50.873611,5.685556,6
Maas,NLr004,Grensmaas zuid01,50.876667,5.693611,6
Maas,NLr013,Grensmaas midden,51.008056,5.768056,6
Maas,NLr021,Grensmaas noord,51.112778,5.836667,6
Maas,NLr031,Hollands Diep west,51.70805556,4.4380556,6
Maas,NLr034,Hollands Diep midden,51.70083333,4.5236111,6
Maas,NLr070,Hollands Diep oost,51.723056,4.602222,6
Rhein,NLr076,Nieuw Merwede west,51.7525,4.735,
Rhein,NLr100,Nieuw Merwede oost,51.801111,4.790556,
Rhein,NLr105,Oude Maas oost,51.809722,4.590278,
Maas,NLr116,Getijden Maas,51.821667,5.418333,6
Maas,NLr117,Getijden Maas west,51.822778,5.421944,6
Rhein,NLr121,Oude Maas west,51.840278,4.500556,8
Rhein,NLr125,Bovenloop Waal west02,51.850556,5.881111,8
Rhein,NLr127,Bovenloop Waal west01,51.851111,5.868056,8
Rhein,NLr133,Rijn,51.866389,6.085,8
Rhein,NLr136,Bovenloop Waal oost01,51.868889,5.989167,8
Rhein,NLr137,Bovenloop Waal oost02,51.868889,5.992778,8
Rhein,NLr143,Rijn noord,51.866667,6.064167,8
Rhein,NLr149,Bovenloop Waal midden02,51.871667,5.893056,8
Rhein,NLr151,Bovenloop Waal midden01,51.867222,5.899167,8
Lek,NLr174,Bovenloop Nederrijn west,51.970833,5.815556,8
Lek,NLr177,Bovenloop Nederrijn oost02,51.971944,5.861944,8
Lek,NLr190,Getijden Lek west,51.985833,5.043056,8
IJssel,NLr200,Bovenloop Gelderse IJssel west,51.99055556,6.0061111,
Lek,NLr207,Bovenloop Nederrijn oost01,51.984722,5.884167,8
Lek,NLr216,Getijden Lek oost01,52.007778,5.106944,8
Lek,NLr222,Getijden Lek oost02,52.003333,5.103889,8
IJssel,NLr248,Bovenloop Gelderse IJssel oost01,52.036389,6.141111,3
IJssel,NLr253,Bovenloop Gelderse IJssel oost02,52.033889,6.1175,3
IJssel,NLr259,Benedenloop Gelderse IJssel oost02,52.524444,5.963056,4
IJssel,NLr263,Benedenloop Gelderse IJssel oost01,52.518611,5.9625,4
IJssel,NLr275,Benedenloop Gelderse IJssel west02,52.57666667,5.885,4
IJssel,NLr284,Benedenloop Gelderse IJssel west01,52.58527778,5.8763889,4
Maas,NLr801,Getijden Maas oost,51.81628,5.40217,6
Rhein,NLr802,Rijn zuid,51.84652,6.13077,8
Biebrza,PL_BIE01,Dawidowizna,53.499892,22.769058,
Biebrza,PL_BIE02,Mscichy,53.428308,22.535536,
Biebrza,PL_BIE03,Nowa_Kamienna,53.712047,23.235706,
Biebrza,PL_BIE04,Sztabin,53.671189,23.103503,
Biebrza,PL_BIE05,Lipsk,53.726225,23.382431,
Biebrza,PL_BIE06,Goniadz,53.493886,22.709372,
Biebrza,PL_BIE07,Osowiec,53.475806,22.622725,
Biebrza,PL_BIEBIA_SO,Osowiec_biale_star.o,53.465539,22.613583,
Biebrza,PL_BIEDAW_SO,Dawidowizna_star.z,53.503464,22.770586,
Biebrza,PL_BIEDOL_SZ,Dolistowo_star.z,53.560231,22.915683,
Biebrza,PL_BIEFOS_SO,Osowiec_fosa_star.o,53.483203,22.640828,
Biebrza,PL_BIEMOS_SZ,Osowiec_most_star.z,53.482067,23.019608,
Biebrza,PL_BIEMSC_SO,Mscichy_star.o,53.429567,22.534142,
Biebrza,PL_BIEOSO_SO,Osowiec_star.o,53.476397,22.628189,
Biebrza,PL_BIEWIS_SZ,Ujscie_Wissy_star.z,53.356328,22.493783,
Narew,PL_NAR01,Bronowo_Narew,53.133756,22.295742,
Narew,PL_NAR02,Stara_Lomza,53.152575,22.138042,
Narew,PL_NAR03,Lomza,53.1885,22.091306,
Narew,PL_NAR04_SO,Bronowo_star.o.,53.129228,22.310233,
Narew,PL_NAR05_SO,Krzewo_star.o.,53.126861,22.253806,
Narew,PL_NAR06_SZ,Niewodowo_star.z.,53.139444,22.175,
Narew,PL_NAR07_SZ,Drozdowo_star.z.,53.146389,22.173944,
Narew,PL_NAR08_SZ,Kalinowo_star.z.,53.162444,22.139361,
Narew,PL_NARPN01,Suraz_Narew,52.951006,22.946378,
Narew,PL_NARPN01_SZ,Suraz_star.z.,52.956239,22.950453,
Narew,PL_NARPN02,Suraz_nurt,52.981494,22.914989,
Narew,PL_NARPN02_SO,Lupianka_st.star.o.,53.023731,22.879094,
Narew,PL_NARPN03,Lupianka_st._nurt,53.030594,22.884792,
Narew,PL_NARPN03_SO,Bokiny3_star.z.,53.038014,22.8979,
Narew,PL_NARPN04,Bokiny_nurt_pr.ramie,53.041503,22.933192,
Narew,PL_NARPN04_SO,Wolka_Waniewska_star.z.,53.063189,22.933086,
Narew,PL_NARPN05,Bokiny_Narew_bystrze,53.043881,22.930933,
Narew,PL_NARPN05_SO,Waniewo_star.o.(lewe),53.070872,22.827222,
Narew,PL_NARPN06,Nurt_Waniewo-Kurowo,53.088967,22.814883,
Narew,PL_NARPN06_SO,Waniewo_star.o.(prawe),53.076714,22.824047,
Narew,PL_NARPN07,Kurowo_Narew,53.098425,22.804139,
Narew,PL_NARPN07_SO,Waniewo_star.o.2,53.079722,22.821431,
Kurowka,PL_NARPN08,Kurowka_nurt,53.105517,22.799236,
Narew,PL_NARPN08_SO,Kurowo_star.o.2,53.095294,22.804458,
Narew,PL_NARPN09,Rzedziany_nurt,53.141719,22.864414,
Kurowka,PL_NARPN09_SO,Kurowka_star.o.,53.099669,22.794428,
Narew,PL_NARPN10_SO,Kurowo_star.o.1,53.101022,22.801392,
Nida,PL_NID01,Motkowice,50.610583,20.496667,
Nida,PL_NID02,Pinczow2,50.518444,20.510472,
Nida,PL_NID03,Pinczow3,50.514917,20.518306,
Nida,PL_NID04,Pinczow4,50.510917,20.526694,
Nida,PL_NID05,Korytnica,50.651583,20.481694,
Nida,PL_NID06,Skowronno,50.565111,20.489556,
Vistula,PL_WIDO01,Wistka_Szl.-Zb.Wloclawski,52.392908,20.421964,8
Vistula,PL_WIDO02,Wyszogrod_opaska,52.418561,20.495169,8
Vistula,PL_WIDO03,Wyszogrod_b.l.,52.429303,20.516856,8
Vistula,PL_WIDO03_SO,Bydgoszcz_star.o._km772,53.128656,18.146342,8
Vistula,PL_WIDO04,Bogpomoz_zatamie,52.742928,18.958858,8
Vistula,PL_WIDO05,Bogpomoz_opaska,52.743097,18.971658,8
Vistula,PL_WIDO06,Bogpomoz_b.l.,52.743119,18.962583,8
Vistula,PL_WIDO07,Bogpomoz_b.p.,52.7463,18.964997,8
Vistula,PL_WIDO08,Kepa_Sucha_b. p.,52.754753,18.959444,8
Vistula,PL_WIDO09,Torun_731-733,53.015964,18.647039,8
Vistula,PL_WIDO1_SO,Wyszogrod_star.o.,52.618597,19.282103,8
Vistula,PL_WIDO10,Gorsk_744-746,53.019697,18.451192,8
Vistula,PL_WIDO11,Bydgoszcz_nurt_b.p.,53.102347,18.147753,8
Vistula,PL_WIDO12,Bydgoszcz_port_b.l.,53.128594,18.134697,8
Vistula,PL_WIDO13,Gorzedziej_b.p.,54.034467,18.824675,8
Vistula,PL_WIDO2_SO,Bogpomoz_star.o.,52.757744,18.969017,8
Vistula,PL_WISR01,Kepa_Gostecka,51.155536,21.783797,7
Vistula,PL_WISR01_SO,Kepa_Gostecka_star.o,51.148192,21.785186,7
Vistula,PL_WISR02,Pulawy_Gora_Pulawska,51.420547,21.944703,7
Vistula,PL_WISR03,Stezyca_b.l.,51.559319,21.750286,7
Vistula,PL_WISR04,Stezyca_b.p.1,51.562878,21.769333,7
Vistula,PL_WISR05,Stezyca_b.p.2,51.570369,21.782947,7
Vistula,PL_WISR06,Swierze_Gorne_b.p.1,51.663761,21.476597,7
Vistula,PL_WISR07,Swierze_Gorne_2,51.667097,21.473058,7
Vistula,PL_WISR08,Tarnow_b.l.2,51.7953,21.420136,7
Vistula,PL_WISR09,Tarnow_b.p.1,51.796406,21.427356,7
Vistula,PL_WIWA01,Otwock-Nadbrzez_b.p.,52.085425,21.216681,7
Vistula,PL_WIWA02,Warszawa-Port Praski_b.p.,52.2521,21.019564,7
Vistula,PL_WIWA03,Warszawa-Port Praski_b.l.,52.252594,21.015681,7
Vistula,PL_WIWA04,Warszawa-Burakow_b.l.,52.334856,20.924283,7
Danube,RO158,"Downstream Zimnicea/Svishtov,",43.65142,25.28183,9
Danube,RO159,"Downstream Zimnicea/Svishtov,",43.64988,25.2964,9
Danube,RO160,"Downstream Zimnicea/Svishtov,",43.65337,25.26937,9
Danube,RO161,"Downstream Zimnicea/Svishtov,",43.65336,25.26675,9
Danube,RO162,"Downstream Zimnicea/Svishtov,",43.65015,25.27391,9
Danube,RO163,"Downstream Zimnicea/Svishtov,",43.65112,25.27741,9
Danube,RO164,"Downstream Zimnicea/Svishtov,",43.6454,25.31119,9
Danube,RO601,"Vrbica/Simijan, RO_JDS63",44.60733,22.69781,9
Danube,RO602,"Vrbica/Simijan, RO_JDS63",44.60916,22.69551,9
Danube,RO603,"Vrbica/Simijan, RO_JDS63",44.60123,22.717,9
Danube,RO604,"Vrbica/Simijan, RO_JDS63",44.61087,22.69319,9
Danube,RO605,"Vrbica/Simijan, RO_JDS63",44.60996,22.69451,9
Danube,RO606,"Vrbica/Simijan, RO_JDS63",44.61087,22.69319,9
Danube,RO622,"Downstream Olt, RO JDS 75 ( +",43.71486,24.81404,9
Danube,RO623,"Downstream Olt, RO JDS 75 ( +",43.71522,24.81619,9
Danube,RO624,"Downstream Olt, RO JDS 75 ( +",43.71523,24.81729,9
Danube,RO625,"Downstream Olt, RO JDS 75 ( +",43.70506,24.77813,9
Danube,RO626,"Downstream Olt, RO JDS 75 ( +",43.70866,24.77045,9
Danube,RO627,"Downstream Olt, RO JDS 75 ( +",43.70417,24.75531,9
Danube,RO628,"Downstream Olt, RO JDS 75 ( +",43.71549,24.80217,9
Danube,RO629,"Downstream Ruse - Giurgiu, RO",43.8931,25.99152,
Danube,RO630,"Downstream Ruse - Giurgiu, RO",43.89978,26.0051,
Danube,RO633,"Golubak Koronin, RO JDS 60",44.70125,21.647861,
Danube,RO634,"Golubak Koronin, RO JDS 60",44.700389,21.650028,
Danube,RO635,"Golubak Koronin, RO JDS 60",44.699139,21.655583,
Danube,RO636,"Golubak Koronin, RO JDS 60",44.706083,21.637667,
Danube,RO637,"Golubak Koronin, RO JDS 60",44.697917,21.640611,
Danube,RO638,"Golubak Koronin, RO JDS 60",44.695889,21.666083,
Danube,RO639,"Golubak Koronin, RO JDS 60",44.692389,21.666083,
Danube,RO640,"Golubak Koronin, RO JDS 60",44.701306,21.648083,
Danube,RO641,"Golubak Koronin, RO JDS 60",44.692389,21.666083,
Danube,RO642,"Golubak Koronin, RO JDS 60",44.701306,21.648083,
Danube,RO651,"Old Danube Arm, RO JDS 64",44.446194,22.476678,
Danube,RO652,"Old Danube Arm, RO JDS 64",44.447417,22.475833,
Danube,RO653,"Old Danube Arm, RO JDS 64",44.448667,22.474889,
Danube,RO654,"Old Danube Arm, RO JDS 64",44.453306,22.471389,
Danube,RO655,"Old Danube Arm, RO JDS 64",44.454861,22.470139,
Danube,RO656,"Old Danube Arm, RO JDS 64",44.453306,22.471389,
Danube,RO657,"Old Danube Arm, RO JDS 64",44.454861,22.470139,
Danube,RO666,"Near Timok, RO JDS 65",44.214278,22.681972,9
Danube,RO667,"Near Timok, RO JDS 65",44.223083,22.675861,9
Danube,RO668,"Near Timok, RO JDS 65",44.232111,22.678861,9
Danube,RO669,"Near Timok, RO JDS 65",44.2075,22.697639,9
Danube,RO670,"Near Timok, RO JDS 65",44.20606,22.703686,9
Danube,RO671,"Calafat, RO JDS 68",43.970917,22.885167,
Danube,RO672,"Calafat, RO JDS 68",43.975583,22.89875,
Danube,RO673,"Calafat, RO JDS 68",43.972389,22.886694,
Danube,RO674,"Downstream Olt, RO JDS 75 ( +",43.716056,24.821722,9
Danube,RO675,"Downstream Olt, RO JDS 75 ( +",43.715278,24.801917,9
Danube,RO676,"Downstream Olt, RO JDS 75 ( +",43.705278,24.785167,9
Danube,RO677,"Downstream Olt, RO JDS 75 ( +",43.708778,24.765861,9
Danube,RO678,"Downstream Olt, RO JDS 75 ( +",43.714,24.8464,9
Danube,RO679,"Downstream Zimnicea/Svishtov,",43.649306,25.321417,9
Danube,RO680,"Downstream Zimnicea/Svishtov,",43.647111,25.326111,9
Danube,RO681,"Downstream Zimnicea/Svishtov,",43.642639,25.334778,9
Danube,RO690,"Downstream Ruse - Giurgiu, RO",43.892972,25.991444,
Danube,RO691,"Downstream Ruse - Giurgiu, RO",43.888139,25.988972,
Danube,RO692,"Downstream Ruse - Giurgiu, RO",43.887806,25.992528,
Danube,RO693,"Downstream Ruse - Giurgiu, RO",43.892627,25.988808,
Danube,RO694,"Upstream Arges, RO JDS 83",44.056417,26.603444,9
Danube,RO695,"Upstream Arges, RO JDS 83",44.058806,26.612694,9
Danube,RO696,"Upstream Arges, RO JDS 83",44.05861,26.616756,9
Danube,RO697,"Upstream Cernavoda, RO JDS 87",44.379556,28.036222,
Danube,RO698,"Upstream Cernavoda, RO JDS 87",44.377472,28.033389,
Danube,RO699,"Upstream Cernavoda, RO JDS 87",44.376583,28.040917,
Danube,RO700,"Downstream Braila, RO JDS 89",45.336444,28.007778,9
Danube,RO701,"Downstream Braila, RO JDS 89",45.338083,28.010167,9
Danube,RO702,"Downstream Braila, RO JDS 89",45.331361,28.021028,9
Danube,RO703,"Downstream Braila, RO JDS 89",45.336667,28.008333,9
Danube,RO704,"Reni, RO JDS 91a",45.457694,28.196889,9
Danube,RO705,"Reni, RO JDS 91a",45.457722,28.200278,9
Danube,RO706,"Reni, RO JDS 91a",45.438139,28.279194,9
Danube,RO707,"Reni, RO JDS 91a",45.431987,28.283194,9
Danube,RO708,"Vrbica/Simijan, RO_JDS63",44.611844,22.691113,9
Danube,RO709,"Vrbica/Simijan, RO_JDS63",44.606694,22.699361,9
Danube,RO710,"Vrbica/Simijan, RO_JDS63",44.606694,22.699361,9
Danube,RO711,"Vrbica/Simijan, RO_JDS63",44.606694,22.694583,9
Danube,RO712,"Vrbica/Simijan, RO_JDS63",44.609,22.695444,9
Danube,RO713,"Vrbica/Simijan, RO_JDS63",44.603944,22.714111,9
Danube,RO714,"Vrbica/Simijan, RO_JDS63",44.590835,22.728631,9
Danube,RO719,"Sulina - Sulina Arm, RO JDS 95",45.18428,29.1965,
Danube,RO720,"Sulina - Sulina Arm, RO JDS 95",45.184278,29.1965,
Danube,RO721,"Sulina - Sulina Arm, RO JDS 95",45.183798,29.204226,
Danube,RO722,"Sulina - Sulina Arm, RO JDS 95",45.1815,29.205972,
Danube,RO728,"Sf. Gheorghe Arm, RO_JDS96",45.06528,29.15058,
Danube,RO729,"Sf. Gheorghe Arm, RO_JDS96",45.06327,29.15316,
Danube,RO730,"Sf. Gheorghe Arm, RO_JDS96",45.09098,29.20609,
Danube,RO731,"Sf. Gheorghe Arm, RO_JDS96",45.09486,29.20125,
Danube,RO732,"Sf. Gheorghe Arm, RO_JDS96",45.0421,29.18838,
Danube,RO733,"Sf. Gheorghe Arm, RO_JDS96",45.05249,29.18518,
Danube,RO734,"Sf. Gheorghe Arm, RO_JDS96",45.08258,29.21499,
Danube,RO738,"Chilia Arm-Valcov, RO JDS 93a",45.333528,28.991917,9
Danube,RO739,"Chilia Arm-Valcov, RO JDS 93a",45.331444,28.972028,9
Danube,RO740,"Chilia Arm-Valcov, RO JDS 93a",45.331056,28.970556,9
Danube,RS124,"Novi Sad downstream, RS_JDS47",45.26206,19.86393,9
Danube,RS125,"Novi Sad downstream, RS_JDS47",45.26677,19.86997,9
Danube,RS126,"Novi Sad downstream, RS_JDS47",45.26478,19.87009,9
Danube,RS127,"Novi Sad downstream, RS_JDS47",45.26078,19.87967,9
Danube,RS128,"Novi Sad downstream, RS_JDS47",45.25835,19.88096,9
Danube,RS129,"Novi Sad downstream, RS_JDS47",45.25663,19.8929,9
Danube,RS136,"Belegish, RS_JDS50",45.01094,20.34632,9
Danube,RS137,"Belegish, RS_JDS50",45.00796,20.33941,9
Danube,RS138,"Belegish, RS_JDS50",45.00471,20.33613,9
Danube,RS139,"Belegish, RS_JDS50",45.00225,20.33384,9
Danube,RS140,"Belegish, RS_JDS50",45.0042,20.33696,9
Danube,RS141,"Belegish, RS_JDS50",45.00487,20.33861,9
Danube,RS142,"Belegish, RS_JDS50",45.00661,20.34199,9
Danube,RS143,"Pancevo upstream, RS_JDS52",44.8251,20.53028,9
Danube,RS144,"Pancevo upstream, RS_JDS52",44.82594,20.5381,9
Danube,RS145,"Pancevo upstream, RS_JDS52",44.83815,20.54078,9
Danube,RS146,"Pancevo upstream, RS_JDS52",44.842,20.54824,9
Danube,RS147,"Pancevo upstream, RS_JDS52",44.84021,20.58982,9
Danube,RS148,"Pancevo upstream, RS_JDS52",44.84037,20.5917,9
Danube,RS149,"Grocka, RS_JDS54",44.70918,20.70187,9
Danube,RS150,"Grocka, RS_JDS54",44.67318,20.72616,9
Danube,RS151,"Grocka, RS_JDS54",44.67929,20.73512,9
Danube,RS152,"Grocka, RS_JDS54",44.67427,20.74324,9
Danube,RS153,"Grocka, RS_JDS54",44.66893,20.74311,9
Danube,RS384,"Velika Morava downstream, RS_J",44.73446,21.13412,9
Danube,RS385,"Velika Morava downstream, RS_J",44.73401,21.13946,9
Danube,RS386,"Velika Morava downstream, RS_J",44.73407,21.13291,9
Danube,RS387,"Velika Morava downstream, RS_J",44.73655,21.15789,9
Danube,RS388,"Velika Morava downstream, RS_J",44.74157,21.14325,9
Danube,RS389,"Velika Morava downstream, RS_J",44.7474,21.15229,9
Danube,RS390,"Velika Morava downstream, RS_J",44.74393,21.12548,9
Danube,RS504,"Novi Sad downstream, RS_JDS47",45.264362,19.879257,9
Danube,RS505,"Novi Sad downstream, RS_JDS47",45.261329,19.877607,9
Danube,RS506,"Belegish, RS_JDS50",45.0234,20.3569,9
Danube,RS507,"Belegish, RS_JDS50",45.00901,20.34123,9
Danube,RS508,"Belegish, RS_JDS50",45.0196,20.36478,9
Danube,RS509,"Belegish, RS_JDS50",45.01963,20.36466,9
Danube,RS510,"Belegish, RS_JDS50",45.0234,20.3569,9
Danube,RS511,"Belegish, RS_JDS50",45.00901,20.34123,9
Danube,RS512,"Pancevo upstream, RS_JDS52",44.82759,20.53579,9
Danube,RS513,"Pancevo upstream, RS_JDS52",44.82985,20.54416,9
Danube,RS514,"Pancevo upstream, RS_JDS52",44.83584,20.55282,9
Danube,RS515,"Pancevo upstream, RS_JDS52",44.83529,20.5333,9
Danube,RS516,"Pancevo upstream, RS_JDS52",44.82759,20.53579,9
Danube,RS517,"Pancevo upstream, RS_JDS52",44.82985,20.54416,9
Danube,RS518,"Pancevo upstream, RS_JDS52",44.83529,20.5333,9
Danube,RS519,"Grocka, RS_JDS54",44.68891,20.71192,9
Danube,RS520,"Grocka, RS_JDS54",44.68027,20.7185,9
Danube,RS521,"Grocka, RS_JDS54",44.67223,20.72426,9
Danube,RS522,"Grocka, RS_JDS54",44.6764,20.72729,9
Danube,RS523,"Grocka, RS_JDS54",44.67223,20.72426,9
Danube,RS524,"Grocka, RS_JDS54",44.68027,20.7185,9
Danube,RS525,"Velika Morava downstream, RS_J",44.74293,21.1263,9
Danube,RS526,"Velika Morava downstream, RS_J",44.73874,21.13364,9
Danube,RS527,"Velika Morava downstream, RS_J",44.74383,21.1241,9
Danube,RS528,"Velika Morava downstream, RS_J",44.74492,21.11722,9
Tisa,RS864,RS_Tisa1,45.59412,20.12222,8
Tisa,RS865,RS_Tisa1,45.59502,20.12407,8
Tisa,RS866,RS_Tisa1,45.59588,20.1171,8
Tisa,RS867,RS_Tisa1,45.59089,20.13357,8
Tisa,RS868,RS_Tisa1,45.59196,20.13047,8
Tisa,RS869,RS_Tisa1,45.58641,20.13412,8
Tisa,RS874,RS_Tisa2,45.21559,20.31046,8
Tisa,RS875,RS_Tisa2,45.21623,20.31359,8
Tisa,RS876,RS_Tisa2,45.21648,20.3123,8
Tisa,RS877,RS_Tisa2,45.19854,20.31404,8
Tisa,RS878,RS_Tisa2,45.19854,20.31404,8
Tisa,RS879,RS_Tisa2,45.21948,20.31267,8
Danube,SK38,"Bratislava, SK_JDS16",48.14447,17.0694,8
Danube,SK39,"Bratislava, SK_JDS16",48.14632,17.06171,8
Danube,SK40,"Bratislava, SK_JDS16",48.14503,17.06204,8
Danube,SK41,"Bratislava, SK_JDS16",48.14447,17.0694,8
Danube,SK42,"Bratislava, SK_JDS16",48.14257,17.06221,8
Danube,SK43,"Bratislava, SK_JDS16",48.14465,17.0602,8
Danube,SK44,"Bratislava, SK_JDS16",48.144867,17.06972,8
Danube,SK45,"Bratislava, SK_JDS16",48.14447,17.0694,8
Danube,SK46,"Bratislava, SK_JDS16",48.14449,17.06766,8
Danube,SK47,"Bratislava, SK_JDS16",48.14283,17.06236,8
Danube,SK48,"Bratislava, SK_JDS16",48.14465,17.0602,8
Danube,SK49,"Bratislava, SK_JDS16",48.1444,17.06931,8
Danube,SK50,"Bratislava, SK_JDS16",48.1414,17.07207,8
Danube,SK51,"Bratislava, SK_JDS16",48.14299,17.07913,8
Danube,SK52,"Bratislava, SK_JDS16",48.14155,17.07122,8
Danube,SK53,"Cunovo, SK_JDS17",48.0359,17.22476,8
Danube,SK54,"Cunovo, SK_JDS17",48.03288,17.22026,8
Danube,SK55,"Cunovo, SK_JDS17",48.03505,17.21999,8
Danube,SK56,"Cunovo, SK_JDS17",48.03542,17.20853,8
Danube,SK57,"Cunovo, SK_JDS17",48.04597,17.20023,8
Danube,SK58,"Cunovo, SK_JDS17",48.04952,17.1989,8
Danube,SK59,"Cunovo, SK_JDS17",48.05285,17.19465,8
Danube,SK60,"Cunovo, SK_JDS17",48.05753,17.18312,8
Danube,SK61,"Cunovo, SK_JDS17",48.05723,17.1839,8
Danube,SK62,"Cunovo, SK_JDS17",48.03203,17.23617,8
Danube,SK63,"Cunovo, SK_JDS17",48.02641,17.24432,8
Danube,SK944,"Maly Dunaj / Bratislava, SK_JD",48.130911,17.159337,
Danube,SK945,"Maly Dunaj / Bratislava, SK_JD",48.131051,17.159521,
Danube,SK946,"Old Danube/Dobrohost, SK_JDS17",47.988117,17.342205,8
Danube,SK947,"Old Danube/Istragov, SK_JDS18a",47.828174,17.558472,8
Danube,UA631,"Bystroe canal, UA_JDS94",45.35017,29.71216,
Danube,UA632,"Bystroe canal, UA_JDS94",45.35011,29.71127,
